,position,query_aa,non_standard,conservation_score(neff),conservation_level,top_aa,top_freq,num_aa_types,neff,entropy,sequence_context,is_non_conserved(method=neff),ss_8,ss_3
0,1,M,,1.0,.,M,1.0,1,1.0,0.0,[M]VTMEE,False,C,C
1,2,V,,1.0,.,V,1.0,1,1.0,0.0,M[V]TMEEL,False,C,C
2,3,T,,1.4705882352941173,.,T,0.8,2,1.4705882352941173,0.16703843262486695,MV[T]MEELR,False,C,C
3,4,M,,1.4705882352941173,.,M,0.8,2,1.4705882352941173,0.16703843262486695,MVT[M]EELRE,False,G,H
4,5,E,,1.0,.,E,1.0,1,1.0,0.0,MVTM[E]ELREM,False,G,H
5,6,E,,1.4705882352941173,.,E,0.8,2,1.4705882352941173,0.16703843262486695,MVTME[E]LREMD,False,G,H
6,7,L,,1.0,.,L,1.0,1,1.0,0.0,VTMEE[L]REMDC,False,C,C
7,8,R,,1.0,.,R,1.0,1,1.0,0.0,TMEEL[R]EMDCS,False,E,E
8,9,E,,1.0,.,E,1.0,1,1.0,0.0,MEELR[E]MDCSV,False,E,E
9,10,M,,1.0,.,M,1.0,1,1.0,0.0,EELRE[M]DCSVL,False,E,E
10,11,D,,1.4705882352941173,.,D,0.8,2,1.4705882352941173,0.16703843262486695,ELREM[D]CSVLK,False,C,C
11,12,C,,1.4705882352941173,.,C,0.8,2,1.4705882352941173,0.16703843262486695,LREMD[C]SVLKR,False,H,H
12,13,S,,1.0,.,S,1.0,1,1.0,0.0,REMDC[S]VLKRL,False,H,H
13,14,V,,1.4705882352941173,.,V,0.8,2,1.4705882352941173,0.16703843262486695,EMDCS[V]LKRLM,False,H,H
14,15,L,,1.0,.,L,1.0,1,1.0,0.0,MDCSV[L]KRLMN,False,H,H
15,16,K,,1.4705882352941173,.,K,0.8,2,1.4705882352941173,0.16703843262486695,DCSVL[K]RLMNR,False,H,H
16,17,R,,1.0,.,R,1.0,1,1.0,0.0,CSVLK[R]LMNRD,False,H,H
17,18,L,,1.0,.,L,1.0,1,1.0,0.0,SVLKR[L]MNRDE,False,H,H
18,19,M,,1.4705882352941173,.,M,0.8,2,1.4705882352941173,0.16703843262486695,VLKRL[M]NRDEN,False,H,H
19,20,N,,1.4705882352941173,.,N,0.8,2,1.4705882352941173,0.16703843262486695,LKRLM[N]RDENG,False,H,H
20,21,R,,1.0,.,R,1.0,1,1.0,0.0,KRLMN[R]DENGG,False,H,H
21,22,D,,1.4705882352941173,.,D,0.8,2,1.4705882352941173,0.16703843262486695,RLMNR[D]ENGGG,False,H,H
22,23,E,,1.0,.,E,1.0,1,1.0,0.0,LMNRD[E]NGGGA,False,H,H
23,24,N,,1.675603217158177,.,N,0.8,2,1.675603217158177,0.19793267999347064,MNRDE[N]GGGAG,False,H,H
24,25,G,,1.675603217158177,.,G,0.8,2,1.675603217158177,0.19793267999347064,NRDEN[G]GGAGG,False,C,C
25,26,G,,1.675603217158177,.,G,0.8,2,1.675603217158177,0.19793267999347064,RDENG[G]GAGGS,False,S,C
26,27,G,,3.5652435357787122,.,G,0.375,4,3.5652435357787122,0.4403118413151259,DENGG[G]AGGSG,False,S,C
27,28,A,,3.8680688336520084,.,A,0.36363636363636365,5,3.8680688336520084,0.4880286398609989,ENGGG[A]GGSGS,False,C,C
28,29,G,,3.6257983041674184,.,S,0.3333333333333333,5,3.6257983041674184,0.47164940161435415,NGGGA[G]GSGSH,False,C,C
29,30,G,,4.417208426910102,.,G,0.3125,7,4.417208426910102,0.5564996052179412,GGGAG[G]SGSHG,False,C,C
30,31,S,,4.6861549740037995,.,S,0.25,7,4.6861549740037995,0.5770519355573688,GGAGG[S]GSHGT,False,C,C
31,32,G,,5.707644618245983,.,G,0.3181818181818182,8,5.707644618245983,0.6257771832428348,GAGGS[G]SHGTL,False,C,C
32,33,S,,4.764889985324363,.,L,0.24,9,4.764889985324363,0.6127616467006486,AGGSG[S]HGTLG,False,C,C
33,34,H,,5.112812409365031,.,L,0.42857142857142855,8,5.112812409365031,0.593394005202031,GGSGS[H]GTLGL,False,C,C
34,35,G,,6.812745287481927,M,K,0.17857142857142858,10,6.812745287481927,0.691140860034011,GSGSH[G]TLGLP,True,C,C
35,36,T,,5.5755199528852355,.,A,0.2857142857142857,9,5.5755199528852355,0.6174155795907745,SGSHG[T]LGLPS,False,S,C
36,37,L,,3.9408363846598577,.,L,0.6785714285714286,5,3.9408363846598577,0.49546945829067446,GSHGT[L]GLPSG,False,C,C
37,38,G,,3.683057825935039,.,L,0.42857142857142855,6,3.683057825935039,0.4946273493967915,SHGTL[G]LPSGG,False,C,C
38,39,L,,6.689031005196502,M,L,0.16129032258064516,10,6.689031005196502,0.6764981171057702,HGTLG[L]PSGGK,True,P,H
39,40,P,,5.94455221047486,.,L,0.3125,9,5.94455221047486,0.6481280732710268,GTLGL[P]SGGKC,False,P,H
40,41,S,,5.615764418045955,.,G,0.34375,8,5.615764418045955,0.6195632488673039,TLGLP[S]GGKCL,False,T,C
41,42,G,,5.5208867637470105,.,G,0.25,8,5.5208867637470105,0.6179278729098545,LGLPS[G]GKCLL,False,T,C
42,43,G,,7.171136581785331,M,A,0.25,10,7.171136581785331,0.6898665859744818,GLPSG[G]KCLLL,True,P,H
43,44,K,,6.37750439367311,M,R,0.28125,9,6.37750439367311,0.6623314327881641,LPSGG[K]CLLLD,True,E,E
44,45,C,,4.137203166226913,.,C,0.375,5,4.137203166226913,0.4993945689486306,PSGGK[C]LLLDC,False,E,E
45,46,L,,3.2486926469919513,.,L,0.75,4,3.2486926469919513,0.4287743773387448,SGGKC[L]LLDCR,False,E,E
46,47,L,,2.6323447118074985,.,L,0.65625,3,2.6323447118074985,0.34321276547952,GGKCL[L]LDCRP,False,E,E
47,48,L,,2.2550024166263896,.,L,0.65625,4,2.2550024166263896,0.33202531527590906,GKCLL[L]DCRPF,False,E,E
48,49,D,,1.0,.,D,1.0,1,1.0,0.0,KCLLL[D]CRPFL,False,E,E
49,50,C,,1.8343949044585985,.,C,0.875,3,1.8343949044585985,0.2679874931165122,CLLLD[C]RPFLA,False,C,C
50,51,R,,1.0,.,R,1.0,1,1.0,0.0,LLLDC[R]PFLAH,False,S,C
51,52,P,,2.239749822183295,.,P,0.625,3,2.239749822183295,0.2929491161987076,LLDCR[P]FLAHS,False,C,C
52,53,F,,3.4230271668822776,.,F,0.59375,8,3.4230271668822776,0.5142839326681947,LDCRP[F]LAHSA,False,H,H
53,54,L,,7.245960457170387,M,L,0.28125,9,7.245960457170387,0.685056801509764,DCRPF[L]AHSAG,True,H,H
54,55,A,,2.9181737416647096,.,A,0.40625,5,2.9181737416647096,0.4217957478261159,CRPFL[A]HSAGY,False,H,H
55,56,H,,2.3188490469583,.,Y,0.4375,4,2.3188490469583,0.3548250002159053,RPFLA[H]SAGYI,False,H,H
56,57,S,,4.4403561384154004,.,N,0.3125,7,4.4403561384154004,0.5536755987531748,PFLAH[S]AGYIL,False,H,H
57,58,A,,4.094640049003629,.,S,0.375,6,4.094640049003629,0.5094123953933185,FLAHS[A]GYILG,False,H,H
58,59,G,,2.375397173393071,.,S,0.5625,6,2.375397173393071,0.3988811327134553,LAHSA[G]YILGS,False,E,E
59,60,Y,,1.8195177547005221,.,H,0.6875,6,1.8195177547005221,0.30911843427434255,AHSAG[Y]ILGSV,False,E,E
60,61,I,,2.584142098516755,.,I,0.71875,3,2.584142098516755,0.3383911678142835,HSAGY[I]LGSVN,False,E,E
61,62,L,,5.094108052461998,.,R,0.3125,8,5.094108052461998,0.5906917557359888,SAGYI[L]GSVNV,False,T,C
62,63,G,,4.4231910752359465,.,G,0.53125,7,4.4231910752359465,0.5491074028486019,AGYIL[G]SVNVR,False,T,C
63,64,S,,2.3437967115097167,.,A,0.53125,3,2.3437967115097167,0.3219771883721776,GYILG[S]VNVRC,False,C,C
64,65,V,,4.299477550467722,.,V,0.40625,7,4.299477550467722,0.5382163192219156,YILGS[V]NVRCN,False,E,E
65,66,N,,3.3346713965646,.,N,0.75,5,3.3346713965646,0.4527303715491643,ILGSV[N]VRCNT,False,E,E
66,67,V,,3.065843080562492,.,V,0.625,4,3.065843080562492,0.3999492120269358,LGSVN[V]RCNTI,False,C,C
67,68,R,,5.052408251305013,.,R,0.34375,7,5.052408251305013,0.5783362991835134,GSVNV[R]CNTIV,False,C,C
68,69,C,,4.276923652554582,.,C,0.34375,6,4.276923652554582,0.525865899825668,SVNVR[C]NTIVR,False,C,C
69,70,N,,4.360939431396787,.,P,0.3125,5,4.360939431396787,0.5137225463550168,VNVRC[N]TIVRR,False,C,C
70,71,T,,6.258607095926412,M,T,0.3125,7,6.258607095926412,0.6259263499731809,NVRCN[T]IVRRR,True,H,H
71,72,I,,2.106732627019682,.,I,0.5806451612903226,3,2.106732627019682,0.26738280097399014,VRCNT[I]VRRRA,False,H,H
72,73,V,,4.206259314456036,.,V,0.4375,6,4.206259314456036,0.5227492178400454,RCNTI[V]RRRAK,False,H,H
73,74,R,,3.102220268190811,.,R,0.71875,5,3.102220268190811,0.43999428312827643,CNTIV[R]RRAKG,False,H,H
74,75,R,,1.3846153846153844,.,R,0.96875,2,1.3846153846153844,0.15040102643477574,NTIVR[R]RAKGS,False,H,H
75,76,R,,1.7999999999999998,.,R,0.6875,2,1.7999999999999998,0.21247364923557852,TIVRR[R]AKGSV,False,H,H
76,77,A,,3.182971756037659,.,A,0.46875,4,3.182971756037659,0.4141799066031476,IVRRR[A]KGSVS,False,T,C
77,78,K,,4.7865532706053795,.,K,0.53125,7,4.7865532706053795,0.5636709776192238,VRRRA[K]GSVSL,False,T,C
78,79,G,,1.6744186046511629,.,G,0.90625,3,1.6744186046511629,0.24083049512184948,RRRAK[G]SVSLE,False,T,C
79,80,S,,4.308455423675789,.,S,0.28125,5,4.308455423675789,0.5099784799714061,RRAKG[S]VSLEQ,False,C,C
80,81,V,,4.3385775068604415,.,V,0.34375,7,4.3385775068604415,0.5511103625234325,RAKGS[V]SLEQI,False,C,C
81,82,S,,6.153090885601706,M,S,0.25,9,6.153090885601706,0.6460868597586676,AKGSV[S]LEQIL,True,C,C
82,83,L,,3.959541096270023,.,L,0.4375,5,3.959541096270023,0.4798423640439843,KGSVS[L]EQILP,False,H,H
83,84,E,,4.139480479034111,.,E,0.34375,6,4.139480479034111,0.5181869023237878,GSVSL[E]QILPA,False,H,H
84,85,Q,,6.228087285803798,M,Q,0.1875,8,6.228087285803798,0.6430129846254806,SVSLE[Q]ILPAE,True,H,H
85,86,I,,3.296815874480849,.,L,0.4375,4,3.296815874480849,0.43136535273693866,VSLEQ[I]LPAEE,False,H,H
86,87,L,,4.178398710370769,.,I,0.34375,6,4.178398710370769,0.5281933911869092,SLEQI[L]PAEEE,False,S,C
87,88,P,,4.0128487325041355,.,P,0.5625,7,4.0128487325041355,0.5246226023515644,LEQIL[P]AEEEV,False,T,C
88,89,A,,4.583306268268919,.,N,0.25,9,4.583306268268919,0.5990818791562439,EQILP[A]EEEVR,False,T,C
89,90,E,,4.774180637118206,.,E,0.3333333333333333,7,4.774180637118206,0.5795001448499242,QILPA[E]EEVRA,False,C,C
90,91,E,,4.693353754557027,.,E,0.4444444444444444,8,4.693353754557027,0.5670945270300628,ILPAE[E]EVRAR,False,H,H
91,92,E,,3.3035960700495823,.,E,0.4666666666666667,5,3.3035960700495823,0.44516092237197524,LPAEE[E]VRARL,False,H,H
92,93,V,,5.9129538241785395,.,L,0.22580645161290322,9,5.9129538241785395,0.6487428385519394,PAEEE[V]RARLR,False,H,H
93,94,R,,4.959561920808763,.,R,0.5333333333333333,6,4.959561920808763,0.5595526852436569,AEEEV[R]ARLRS,False,H,H
94,95,A,,5.573867376643895,.,A,0.25,11,5.573867376643895,0.6660686630050973,EEEVR[A]RLRSG,False,H,H
95,96,R,,3.935860058309038,.,R,0.4838709677419355,6,3.935860058309038,0.5125009368466639,EEVRA[R]LRSGL,False,H,H
96,97,L,,5.980066445182724,.,L,0.4838709677419355,8,5.980066445182724,0.6317794911454794,EVRAR[L]RSGLY,False,H,H
97,98,R,,5.895253665605965,.,R,0.28125,10,5.895253665605965,0.6610430023296198,VRARL[R]SGLYS,False,H,H
98,99,S,,5.242992583215226,.,R,0.375,9,5.242992583215226,0.6202099408802633,RARLR[S]GLYSA,False,T,C
99,100,G,,5.307849829351537,.,G,0.46875,8,5.307849829351537,0.6061109507889239,ARLRS[G]LYSAV,False,T,C
100,101,L,,7.161860632507087,M,G,0.2,11,7.161860632507087,0.7150275400343409,RLRSG[L]YSAVI,True,C,C
101,102,Y,,5.083280502564695,.,Y,0.3225806451612903,7,5.083280502564695,0.5853613037292948,LRSGL[Y]SAVIV,False,E,E
102,103,S,,7.589665956217757,M,A,0.25,11,7.589665956217757,0.7147850451495834,RSGLY[S]AVIVY,True,E,E
103,104,A,,3.345808343797474,.,A,0.375,9,3.345808343797474,0.5334419694858108,SGLYS[A]VIVYD,False,E,E
104,105,V,,1.9927477615687152,.,V,0.78125,4,1.9927477615687152,0.2747804792556681,GLYSA[V]IVYDE,False,E,E
105,106,I,,2.8005968350104,.,V,0.53125,3,2.8005968350104,0.35490192536094134,LYSAV[I]VYDER,False,E,E
106,107,V,,2.0922164566345436,.,L,0.53125,3,2.0922164566345436,0.2735875691510543,YSAVI[V]YDERS,False,E,E
107,108,Y,,2.96782334384858,.,Y,0.625,5,2.96782334384858,0.4372101131204826,SAVIV[Y]DERSP,False,E,E
108,109,D,,1.5933337886756365,.,D,0.90625,4,1.5933337886756365,0.23494578515253328,AVIVY[D]ERSPR,False,C,C
109,110,E,,3.1127631589696665,.,E,0.71875,4,3.1127631589696665,0.4213186673582542,VIVYD[E]RSPRA,False,S,C
110,111,R,,4.279838102762064,.,R,0.3125,7,4.279838102762064,0.5458371553597553,IVYDE[R]SPRAE,False,S,C
111,112,S,,3.919022466051552,.,S,0.5454545454545454,7,3.919022466051552,0.5112025297070988,VYDER[S]PRAES,False,C,C
112,113,P,,6.464520332265596,M,A,0.2647058823529412,9,6.464520332265596,0.6666099583853681,YDERS[P]RAESL,True,C,C
113,114,R,,6.950882067926819,M,E,0.2647058823529412,10,6.950882067926819,0.6845308978036361,DERSP[R]AESLR,True,S,C
114,115,A,,6.544105523495467,M,A,0.23529411764705882,10,6.544105523495467,0.688121178057293,ERSPR[A]ESLRE,True,G,H
115,116,E,,3.700760644569088,.,E,0.4411764705882353,7,3.700760644569088,0.510795224317556,RSPRA[E]SLRED,False,G,H
116,117,S,,6.940887522685497,M,S,0.20588235294117646,12,6.940887522685497,0.7217257959311631,SPRAE[S]LREDS,True,G,H
117,118,L,,3.522051646108794,.,L,0.47058823529411764,8,3.522051646108794,0.5271973135324922,PRAES[L]REDST,False,C,C
118,119,R,,8.10393252054285,M,R,0.3235294117647059,11,8.10393252054285,0.7325721178979254,RAESL[R]EDSTV,True,C,C
119,120,E,,6.2200282087447105,M,P,0.23529411764705882,11,6.2200282087447105,0.6735056551956856,AESLR[E]DSTVS,True,T,C
120,121,D,,3.843885788566375,.,D,0.5,5,3.843885788566375,0.4841075564650333,ESLRE[D]STVSL,False,T,C
121,122,S,,4.551083591331269,.,S,0.6176470588235294,7,4.551083591331269,0.5522593293493925,SLRED[S]TVSLV,False,S,C
122,123,T,,6.515505813083907,M,T,0.29411764705882354,8,6.515505813083907,0.6576348764542994,LREDS[T]VSLVV,True,H,H
123,124,V,,3.7028321934209196,.,L,0.5294117647058824,7,3.7028321934209196,0.5212094691776656,REDST[V]SLVVQ,False,H,H
124,125,S,,7.9890946989859595,M,G,0.23529411764705882,10,7.9890946989859595,0.7199836183943796,EDSTV[S]LVVQA,True,H,H
125,126,L,,3.3904917024499706,.,L,0.5588235294117647,5,3.3904917024499706,0.4388114133072831,DSTVS[L]VVQAL,False,H,H
126,127,V,,3.9558665231431647,.,L,0.4411764705882353,5,3.9558665231431647,0.48724479264040993,STVSL[V]VQALR,False,H,H
127,128,V,,2.4979196240638304,.,L,0.6176470588235294,7,2.4979196240638304,0.42893428509746234,TVSLV[V]QALRR,False,H,H
128,129,Q,,6.297134637149234,M,Q,0.23529411764705882,9,6.297134637149234,0.6549641024364807,VSLVV[Q]ALRRN,True,H,H
129,130,A,,4.511446274624708,.,A,0.35294117647058826,5,4.511446274624708,0.5189248508062142,SLVVQ[A]LRRNA,False,H,H
130,131,L,,2.4193548387096775,.,L,0.9117647058823529,4,2.4193548387096775,0.37134713014816106,LVVQA[L]RRNAE,False,H,H
131,132,R,,4.7227760472581695,.,R,0.29411764705882354,8,4.7227760472581695,0.5645921732054873,VVQAL[R]RNAER,False,H,H
132,133,R,,7.013771897788723,M,R,0.38235294117647056,10,7.013771897788723,0.6909046217981853,VQALR[R]NAERT,True,H,H
133,134,N,,6.276333683570594,M,E,0.38235294117647056,9,6.276333683570594,0.6619753677638139,QALRR[N]AERTD,True,H,H
134,135,A,,6.643567339560108,M,G,0.35294117647058826,12,6.643567339560108,0.697519062909906,ALRRN[A]ERTDI,True,C,C
135,136,E,,4.434444722988218,.,R,0.2631578947368421,7,4.434444722988218,0.5515070770507995,LRRNA[E]RTDIC,False,T,C
136,137,R,,4.3904194589228105,.,R,0.2631578947368421,8,4.3904194589228105,0.5571887101479289,RRNAE[R]TDICL,False,T,C
137,138,T,,7.542154225557306,M,T,0.2647058823529412,12,7.542154225557306,0.7244728878392482,RNAER[T]DICLL,True,S,C
138,139,D,,5.9583063671361565,.,R,0.23529411764705882,10,5.9583063671361565,0.6481823544413419,NAERT[D]ICLLK,False,E,E
139,140,I,,2.338637238547414,.,V,0.4411764705882353,4,2.338637238547414,0.3635629285526994,AERTD[I]CLLKG,False,E,E
140,141,C,,7.478989485320906,M,Y,0.29411764705882354,11,7.478989485320906,0.7253685733344519,ERTDI[C]LLKGG,True,E,E
141,142,L,,4.9982229659956845,.,F,0.2647058823529412,7,4.9982229659956845,0.5813735294554075,RTDIC[L]LKGGY,False,E,E
142,143,L,,1.5100671140939594,.,L,0.9411764705882353,3,1.5100671140939594,0.20953316247198267,TDICL[L]KGGYE,False,E,E
143,144,K,,3.8479602718919335,.,K,0.4117647058823529,7,3.8479602718919335,0.5276727133681166,DICLL[K]GGYER,False,T,C
144,145,G,,1.5650493774151997,.,G,0.9117647058823529,4,1.5650493774151997,0.2341591434119393,ICLLK[G]GYERF,False,T,C
145,146,G,,1.5100671140939594,.,G,0.9411764705882353,3,1.5100671140939594,0.20953316247198267,CLLKG[G]YERFS,False,H,H
146,147,Y,,2.3714777371477735,.,F,0.5,3,2.3714777371477735,0.3205467639095228,LLKGG[Y]ERFSS,False,H,H
147,148,E,,6.160981314052923,M,E,0.38235294117647056,8,6.160981314052923,0.6448495977239564,LKGGY[E]RFSSE,True,H,H
148,149,R,,6.05763067123859,M,R,0.20588235294117646,9,6.05763067123859,0.6379554470500262,KGGYE[R]FSSEY,True,H,H
149,150,F,,1.5100671140939594,.,F,0.9411764705882353,3,1.5100671140939594,0.20953316247198267,GGYER[F]SSEYP,False,H,H
150,151,S,,3.880970954374879,.,S,0.38235294117647056,6,3.880970954374879,0.498398163781942,GYERF[S]SEYPE,False,H,H
151,152,S,,6.470187615697555,M,S,0.29411764705882354,8,6.470187615697555,0.6527476061809048,YERFS[S]EYPEF,True,H,H
152,153,E,,7.376196120378132,M,E,0.4117647058823529,9,7.376196120378132,0.6830483800126226,ERFSS[E]YPEFC,True,H,H
153,154,Y,,4.065811489124373,.,Y,0.38235294117647056,6,4.065811489124373,0.5313931692626197,RFSSE[Y]PEFCS,False,C,C
154,155,P,,4.624460796752094,.,P,0.6176470588235294,7,4.624460796752094,0.5722437235470311,FSSEY[P]EFCSK,False,G,H
155,156,E,,4.933090276339231,.,E,0.5,9,4.933090276339231,0.605230887762614,SSEYP[E]FCSKT,False,G,H
156,157,F,,3.018557014652944,.,L,0.4411764705882353,7,3.018557014652944,0.4765173428373792,SEYPE[F]CSKTK,False,G,H
157,158,C,,2.064220183486239,.,C,0.9117647058823529,4,2.064220183486239,0.3298539836198033,EYPEF[C]SKTKA,False,E,E
158,159,S,,5.0550206327372775,.,E,0.38235294117647056,8,5.0550206327372775,0.5892900212196162,YPEFC[S]KTKAL,False,E,E
159,160,K,,6.223712866974476,M,K,0.29411764705882354,9,6.223712866974476,0.6556437103690178,PEFCS[K]TKALA,True,E,E
160,161,T,,4.81343736103812,.,N,0.2647058823529412,9,4.81343736103812,0.5877260847740479,EFCSK[T]KALAA,False,C,C
161,162,K,,7.785100623749559,M,K,0.20588235294117646,10,7.785100623749559,0.7226698996138212,FCSKT[K]ALAAI,True,G,H
162,163,A,,5.973631136931458,.,A,0.2647058823529412,9,5.973631136931458,0.6549029496259525,CSKTK[A]LAAIP,False,G,H
163,164,L,,6.990137372314196,M,L,0.2647058823529412,11,6.990137372314196,0.7051674835471304,SKTKA[L]AAIPP,True,G,H
164,165,A,,4.860279995033994,.,S,0.39285714285714285,10,4.860279995033994,0.6195946667091399,KTKAL[A]AIPPP,False,S,C
165,166,A,,3.207101753834672,.,S,0.3548387096774194,7,3.207101753834672,0.48678882612826374,TKALA[A]IPPPV,False,C,C
166,167,I,,5.004623903059962,.,L,0.30303030303030304,8,5.004623903059962,0.5788720272988046,KALAA[I]PPPVP,False,C,C
167,168,P,,2.9945042769930517,.,P,0.42424242424242425,6,2.9945042769930517,0.4355605871721017,ALAAI[P]PPVPP,False,P,H
168,169,P,,5.7233925223337385,.,P,0.37037037037037035,7,5.7233925223337385,0.6097310277746217,LAAIP[P]PVPPS,False,P,H
169,170,P,,5.476746640399634,.,P,0.48148148148148145,10,5.476746640399634,0.6326475773792237,AAIPP[P]VPPSA,False,P,H
170,171,V,,5.268479879927684,.,L,0.32142857142857145,6,5.268479879927684,0.5754848062412725,AIPPP[V]PPSAT,False,P,H
171,172,P,,4.009070661259286,.,P,0.4666666666666667,8,4.009070661259286,0.5216166399234208,IPPPV[P]PSATE,False,P,H
172,173,P,,5.609847075107574,.,P,0.18181818181818182,10,5.609847075107574,0.6454955727364052,PPPVP[P]SATEP,False,C,C
173,174,S,,5.060286284778016,.,S,0.4375,9,5.060286284778016,0.6051197358694355,PPVPP[S]ATEPL,False,C,C
174,175,A,,6.106658528676879,M,L,0.28125,10,6.106658528676879,0.6659809845903277,PVPPS[A]TEPLD,True,S,C
175,176,T,,4.4712730003755174,.,A,0.16129032258064516,9,4.4712730003755174,0.5907380012507718,VPPSA[T]EPLDL,False,C,C
176,177,E,,6.038844899860271,M,E,0.25806451612903225,8,6.038844899860271,0.6396828019153259,PPSAT[E]PLDLG,True,C,C
177,178,P,,3.003775644733955,.,S,0.4482758620689655,6,3.003775644733955,0.4640227616246357,PSATE[P]LDLGC,False,C,C
178,179,L,,5.356811516928819,.,P,0.2692307692307692,7,5.356811516928819,0.5899441914807161,SATEP[L]DLGCS,False,C,C
179,180,D,,5.507900704872817,.,D,0.25925925925925924,7,5.507900704872817,0.6029102537640381,ATEPL[D]LGCSS,False,C,C
180,181,L,,2.8475780436330305,.,S,0.48148148148148145,6,2.8475780436330305,0.4316812269982942,TEPLD[L]GCSSC,False,C,C
181,182,G,,4.426193275659349,.,G,0.34615384615384615,5,4.426193275659349,0.5157804154587065,EPLDL[G]CSSCG,False,C,C
182,183,C,,4.6156389643042015,.,C,0.4482758620689655,7,4.6156389643042015,0.5472457879058795,PLDLG[C]SSCGT,False,C,C
183,184,S,,4.618818481342427,.,S,0.46153846153846156,6,4.618818481342427,0.5503169254385162,LDLGC[S]SCGTP,False,T,C
184,185,S,,5.168217988907643,.,S,0.5357142857142857,8,5.168217988907643,0.6000328880310702,DLGCS[S]CGTPL,False,T,C
185,186,C,,3.6083908158870956,.,C,0.3448275862068966,8,3.6083908158870956,0.5066666871887361,LGCSS[C]GTPLH,False,T,C
186,187,G,,4.3592655110341525,.,G,0.5,9,4.3592655110341525,0.5819480311864269,GCSSC[G]TPLHD,False,C,C
187,188,T,,6.630352286291501,M,T,0.37142857142857144,11,6.630352286291501,0.6800114690535083,CSSCG[T]PLHDQ,True,C,C
188,189,P,,3.2274920722459672,.,P,0.8285714285714286,5,3.2274920722459672,0.43821614469314896,SSCGT[P]LHDQG,False,C,C
189,190,L,,6.969313635245118,M,L,0.4,10,6.969313635245118,0.6881786305179494,SCGTP[L]HDQGG,True,S,C
190,191,H,,8.908468178799847,M,Y,0.2571428571428571,11,8.908468178799847,0.7558523087299173,CGTPL[H]DQGGP,True,C,C
191,192,D,,6.7473968376397995,M,D,0.4166666666666667,9,6.7473968376397995,0.6679355112366914,GTPLH[D]QGGPV,True,C,C
192,193,Q,,3.2696310312204346,.,Q,0.53125,6,3.2696310312204346,0.49006525347380975,TPLHD[Q]GGPVE,False,C,C
193,194,G,,8.564954682779456,M,G,0.4,9,8.564954682779456,0.7242241961885774,PLHDQ[G]GPVEI,True,S,C
194,195,G,,5.752740026304252,.,G,0.5,8,5.752740026304252,0.6208240432692244,LHDQG[G]PVEIL,False,S,C
195,196,P,,1.9115044247787611,.,P,0.8055555555555556,4,1.9115044247787611,0.2989349974394315,HDQGG[P]VEILP,False,C,C
196,197,V,,3.951219512195122,.,V,0.6666666666666666,5,3.951219512195122,0.487684016565536,DQGGP[V]EILPF,False,E,E
197,198,E,,3.739793373708586,.,E,0.6111111111111112,6,3.739793373708586,0.5191553119473353,QGGPV[E]ILPFL,False,E,E
198,199,I,,1.2461538461538462,.,I,0.9722222222222222,2,1.2461538461538462,0.1164430142581448,GGPVE[I]LPFLY,False,E,E
199,200,L,,3.809827974159831,.,L,0.7777777777777778,5,3.809827974159831,0.49026651551463707,GPVEI[L]PFLYL,False,E,E
200,201,P,,1.8976810901267032,.,P,0.8611111111111112,5,1.8976810901267032,0.3205131306715953,PVEIL[P]FLYLG,False,T,C
201,202,F,,3.4007044935262756,.,F,0.5833333333333334,7,3.4007044935262756,0.5027223084674223,VEILP[F]LYLGS,False,T,C
202,203,L,,1.4965357967667436,.,L,0.9166666666666666,3,1.4965357967667436,0.20876075945957004,EILPF[L]YLGSA,False,E,E
203,204,Y,,1.7195143476051669,.,Y,0.8055555555555556,2,1.7195143476051669,0.20335980866279604,ILPFL[Y]LGSAY,False,E,E
204,205,L,,1.5283018867924527,.,L,0.9444444444444444,2,1.5283018867924527,0.1768202732046001,LPFLY[L]GSAYH,False,E,E
205,206,G,,1.2461538461538462,.,G,0.9722222222222222,2,1.2461538461538462,0.1164430142581448,PFLYL[G]SAYHA,False,E,E
206,207,S,,3.728105689324526,.,S,0.5,4,3.728105689324526,0.4506291450379803,FLYLG[S]AYHAA,False,C,C
207,208,A,,3.9709854927463724,.,A,0.6388888888888888,7,3.9709854927463724,0.5409370828813486,LYLGS[A]YHAAR,False,H,H
208,209,Y,,5.701194313753546,.,Y,0.34285714285714286,10,5.701194313753546,0.6502335824880215,YLGSA[Y]HAARR,False,H,H
209,210,H,,5.752740026304252,.,H,0.4166666666666667,8,5.752740026304252,0.6411476333928194,LGSAY[H]AARRD,False,H,H
210,211,A,,1.6356050069541033,.,A,0.5833333333333334,3,1.6356050069541033,0.23467662726945493,GSAYH[A]ARRDM,False,H,H
211,212,A,,8.12271659213219,M,S,0.25,10,8.12271659213219,0.7343629830657389,SAYHA[A]RRDML,True,T,C
212,213,R,,2.76264204408133,.,N,0.4166666666666667,5,2.76264204408133,0.40341659141214126,AYHAA[R]RDMLD,False,X,X
213,214,R,,4.875912131995381,.,L,0.3611111111111111,8,4.875912131995381,0.5704428723472618,YHAAR[R]DMLDA,False,H,H
214,215,D,,4.4617244842906185,.,D,0.6111111111111112,8,4.4617244842906185,0.592196886297169,HAARR[D]MLDAL,False,H,H
215,216,M,,5.880685676656401,.,M,0.3055555555555556,11,5.880685676656401,0.6665242478228878,AARRD[M]LDALG,False,H,H
216,217,L,,1.8782608695652172,.,L,0.8055555555555556,3,1.8782608695652172,0.27231551599538867,ARRDM[L]DALGI,False,H,H
217,218,D,,5.8316429606350635,.,D,0.2777777777777778,9,5.8316429606350635,0.6514684036358568,RRDML[D]ALGIT,False,H,H
218,219,A,,6.674829684803343,M,A,0.3333333333333333,8,6.674829684803343,0.6602072437949971,RDMLD[A]LGITA,True,H,H
219,220,L,,2.8910328826899665,.,L,0.5555555555555556,5,2.8910328826899665,0.42251515494639075,DMLDA[L]GITAL,False,T,C
220,221,G,,4.587989118316015,.,G,0.6666666666666666,7,4.587989118316015,0.5547669108615151,MLDAL[G]ITALL,False,T,C
221,222,I,,1.1327433628318584,.,I,0.9714285714285714,2,1.1327433628318584,0.0780415729303808,LDALG[I]TALLN,False,C,C
222,223,T,,3.719795497354023,.,T,0.4857142857142857,5,3.719795497354023,0.4641712498326928,DALGI[T]ALLNV,False,C,C
223,224,A,,3.6610169491525424,.,A,0.4166666666666667,4,3.6610169491525424,0.44626662657781957,ALGIT[A]LLNVS,False,E,E
224,225,L,,4.131558993998433,.,L,0.3611111111111111,5,4.131558993998433,0.5038570792030981,LGITA[L]LNVSS,False,E,E
225,226,L,,2.839817547625436,.,L,0.6388888888888888,3,2.839817547625436,0.3566594364362226,GITAL[L]NVSSD,False,E,E
226,227,N,,1.255813953488372,.,N,0.9444444444444444,3,1.255813953488372,0.14215170460922913,ITALL[N]VSSDC,False,E,E
227,228,V,,2.356363636363636,.,V,0.8055555555555556,4,2.356363636363636,0.36500249583956645,TALLN[V]SSDCP,False,C,C
228,229,S,,3.6000000000000005,.,S,0.5277777777777778,4,3.6000000000000005,0.44385186239533764,ALLNV[S]SDCPN,False,C,C
229,230,S,,6.486618998978549,M,P,0.2777777777777778,8,6.486618998978549,0.646578492803577,LLNVS[S]DCPNH,True,S,C
230,231,D,,6.302346552704317,M,N,0.3888888888888889,9,6.302346552704317,0.6631650197510903,LNVSS[D]CPNHF,True,S,C
231,232,C,,3.0277955954671802,.,C,0.4857142857142857,4,3.0277955954671802,0.4112377598924791,NVSSD[C]PNHFE,False,C,C
232,233,P,,2.98757997741814,.,P,0.8055555555555556,7,2.98757997741814,0.48475190313568317,VSSDC[P]NHFEG,False,C,C
233,234,N,,5.005044136191678,.,N,0.6111111111111112,7,5.005044136191678,0.5810941397119974,SSDCP[N]HFEGH,False,C,C
234,235,H,,7.167674132784871,M,H,0.4166666666666667,9,7.167674132784871,0.6841307796506907,SDCPN[H]FEGHY,True,T,C
235,236,F,,2.424001832200931,.,F,0.75,5,2.424001832200931,0.36277322336383105,DCPNH[F]EGHYQ,False,T,C
236,237,E,,3.2557949943603957,.,E,0.6666666666666666,6,3.2557949943603957,0.45360724073465664,CPNHF[E]GHYQY,False,B,E
237,238,G,,3.7202108963093137,.,G,0.6944444444444444,8,3.7202108963093137,0.5343842590138667,PNHFE[G]HYQYK,False,T,C
238,239,H,,5.004566920860146,.,H,0.3611111111111111,6,5.004566920860146,0.563266181303128,NHFEG[H]YQYKC,False,T,C
239,240,Y,,4.44926676273629,.,F,0.4722222222222222,8,4.44926676273629,0.5598956194780201,HFEGH[Y]QYKCI,False,B,E
240,241,Q,,3.147174604417698,.,Q,0.2777777777777778,6,3.147174604417698,0.4748453086753863,FEGHY[Q]YKCIP,False,E,E
241,242,Y,,2.076923076923077,.,Y,0.8333333333333334,4,2.076923076923077,0.33471557968294,EGHYQ[Y]KCIPV,False,E,E
242,243,K,,3.9814913145717967,.,K,0.6944444444444444,5,3.9814913145717967,0.493673217597937,GHYQY[K]CIPVE,False,E,E
243,244,C,,3.6164009111617315,.,Q,0.25,7,3.6164009111617315,0.5131682192408756,HYQYK[C]IPVED,False,E,E
244,245,I,,2.28169014084507,.,I,0.8055555555555556,4,2.28169014084507,0.3471303345798742,YQYKC[I]PVEDN,False,C,C
245,246,P,,2.745762711864406,.,P,0.8611111111111112,5,2.745762711864406,0.4252793461179451,QYKCI[P]VEDNH,False,C,C
246,247,V,,3.7674418604651168,.,V,0.4444444444444444,4,3.7674418604651168,0.4522717416929396,YKCIP[V]EDNHK,False,C,C
247,248,E,,5.576710582235444,.,E,0.4166666666666667,7,5.576710582235444,0.6094671013842361,KCIPV[E]DNHKA,False,C,C
248,249,D,,1.0,.,D,1.0,1,1.0,0.0,CIPVE[D]NHKAD,False,S,C
249,250,N,,3.9335976214073343,.,N,0.3888888888888889,6,3.9335976214073343,0.5141082273920929,IPVED[N]HKADI,False,S,C
250,251,H,,6.835882701595003,M,H,0.3333333333333333,10,6.835882701595003,0.6980677701861103,PVEDN[H]KADIS,True,T,C
251,252,K,,5.040800127004287,.,K,0.3888888888888889,7,5.040800127004287,0.5796074835746747,VEDNH[K]ADISS,False,T,C
252,253,A,,4.368739680792516,.,A,0.4166666666666667,7,4.368739680792516,0.5543992129875844,EDNHK[A]DISSW,False,C,C
253,254,D,,2.9589007054665606,.,D,0.4166666666666667,5,2.9589007054665606,0.42027984643025934,DNHKA[D]ISSWF,False,C,C
254,255,I,,1.9938461538461538,.,I,0.5277777777777778,2,1.9938461538461538,0.2308628117321757,NHKAD[I]SSWFM,False,C,C
255,256,S,,3.938470773617469,.,S,0.6944444444444444,6,3.938470773617469,0.509293317329289,HKADI[S]SWFME,False,G,H
256,257,S,,4.154731904004963,.,S,0.3333333333333333,8,4.154731904004963,0.5392728097800339,KADIS[S]WFMEA,False,G,H
257,258,W,,3.7542707750965967,.,W,0.4166666666666667,4,3.7542707750965967,0.4516997133197209,ADISS[W]FMEAI,False,G,H
258,259,F,,1.8782608695652172,.,F,0.8611111111111112,3,1.8782608695652172,0.27231551599538867,DISSW[F]MEAIE,False,H,H
259,260,M,,5.600987828541189,.,P,0.3055555555555556,9,5.600987828541189,0.6422251412223956,ISSWF[M]EAIEY,False,H,H
260,261,E,,3.498966735550963,.,E,0.75,8,3.498966735550963,0.5354493229227197,SSWFM[E]AIEYI,False,H,H
261,262,A,,3.223880597014925,.,A,0.7777777777777778,5,3.223880597014925,0.45225294320360077,SWFME[A]IEYID,False,H,H
262,263,I,,3.2562814070351753,.,I,0.75,6,3.2562814070351753,0.4849238059640392,WFMEA[I]EYIDA,False,H,H
263,264,E,,6.407019064772395,M,E,0.3333333333333333,9,6.407019064772395,0.662098437597308,FMEAI[E]YIDAV,True,H,H
264,265,Y,,1.3604113110539844,.,F,0.8333333333333334,3,1.3604113110539844,0.1705729248493507,MEAIE[Y]IDAVK,False,H,H
265,266,I,,1.0570962479608483,.,I,0.9722222222222222,2,1.0570962479608483,0.042370456953691,EAIEY[I]DAVKD,False,H,H
266,267,D,,2.452710280373832,.,D,0.7222222222222222,3,2.452710280373832,0.321998047649138,AIEYI[D]AVKDC,False,H,H
267,268,A,,4.184501845018451,.,E,0.3888888888888889,8,4.184501845018451,0.5499853579452488,IEYID[A]VKDCR,False,H,H
268,269,V,,3.0317960469779432,.,A,0.4722222222222222,6,3.0317960469779432,0.4707873012033138,EYIDA[V]KDCRG,False,H,H
269,270,K,,2.779408761056687,.,K,0.4444444444444444,4,2.779408761056687,0.3674616858154547,YIDAV[K]DCRGR,False,H,H
270,271,D,,7.09792546923253,M,D,0.16666666666666666,12,7.09792546923253,0.7319811140292377,IDAVK[D]CRGRV,True,H,H
271,272,C,,7.658808079544744,M,C,0.25,9,7.658808079544744,0.6932974121646601,DAVKD[C]RGRVL,True,T,C
272,273,R,,3.483076775408834,.,G,0.4411764705882353,8,3.483076775408834,0.5312707475544081,AVKDC[R]GRVLV,False,T,C
273,274,G,,3.114090774250964,.,G,0.5277777777777778,4,3.114090774250964,0.4195960850564841,VKDCR[G]RVLVH,False,C,C
274,275,R,,4.216477284836721,.,R,0.3888888888888889,7,4.216477284836721,0.543510896032959,KDCRG[R]VLVHC,False,C,C
275,276,V,,2.9861751152073728,.,V,0.8055555555555556,5,2.9861751152073728,0.4485976017703824,DCRGR[V]LVHCQ,False,E,E
276,277,L,,1.2146901300688602,.,L,0.8055555555555556,3,1.2146901300688602,0.12657248365627383,CRGRV[L]VHCQA,False,E,E
277,278,V,,2.4452830188679244,.,V,0.7777777777777778,3,2.4452830188679244,0.32153263105289204,RGRVL[V]HCQAG,False,E,E
278,279,H,,1.5882352941176467,.,H,0.9444444444444444,3,1.5882352941176467,0.22823765390676876,GRVLV[H]CQAGI,False,E,E
279,280,C,,1.2461538461538462,.,C,0.9722222222222222,2,1.2461538461538462,0.1164430142581448,RVLVH[C]QAGIS,False,C,C
280,281,Q,,4.385635359116023,.,Q,0.4166666666666667,6,4.385635359116023,0.527462684700316,VLVHC[Q]AGISR,False,S,C
281,282,A,,1.975609756097561,.,A,0.9166666666666666,3,1.975609756097561,0.28329819898077135,LVHCQ[A]GISRS,False,S,C
282,283,G,,1.0,.,G,1.0,1,1.0,0.0,VHCQA[G]ISRSA,False,S,C
283,284,I,,1.4687575667588,.,I,0.8055555555555556,2,1.4687575667588,0.16671145344656488,HCQAG[I]SRSAT,False,S,C
284,285,S,,1.0,.,S,1.0,1,1.0,0.0,CQAGI[S]RSATI,False,S,C
285,286,R,,1.0,.,R,1.0,1,1.0,0.0,QAGIS[R]SATIC,False,H,H
286,287,S,,1.0,.,S,1.0,1,1.0,0.0,AGISR[S]ATICL,False,H,H
287,288,A,,3.4804340677408754,.,A,0.5555555555555556,6,3.4804340677408754,0.4932971723366883,GISRS[A]TICLA,False,H,H
288,289,T,,1.2461538461538462,.,T,0.9722222222222222,2,1.2461538461538462,0.1164430142581448,ISRSA[T]ICLAY,False,H,H
289,290,I,,3.7028571428571433,.,I,0.5833333333333334,5,3.7028571428571433,0.4836401007401291,SRSAT[I]CLAYL,False,H,H
290,291,C,,5.225806451612904,.,C,0.4166666666666667,6,5.225806451612904,0.5745136721403011,RSATI[C]LAYLM,False,H,H
291,292,L,,2.3396161879325525,.,L,0.4166666666666667,4,2.3396161879325525,0.3293994107839796,SATIC[L]AYLMM,False,H,H
292,293,A,,1.1803278688524592,.,A,0.9444444444444444,2,1.1803278688524592,0.09574820339865432,ATICL[A]YLMMK,False,H,H
293,294,Y,,1.0,.,Y,1.0,1,1.0,0.0,TICLA[Y]LMMKK,False,H,H
294,295,L,,1.7802197802197801,.,L,0.8333333333333334,3,1.7802197802197801,0.2596326575716325,ICLAY[L]MMKKR,False,H,H
295,296,M,,1.0159989760655317,.,M,0.9722222222222222,2,1.0159989760655317,0.01545135403248598,CLAYL[M]MKKRV,False,H,H
296,297,M,,3.1440352359146195,.,K,0.3055555555555556,5,3.1440352359146195,0.45069323044605586,LAYLM[M]KKRVR,False,H,H
297,298,K,,5.812059758696355,.,K,0.3888888888888889,7,5.812059758696355,0.6097215989074546,AYLMM[K]KRVRL,False,H,H
298,299,K,,6.708728949729762,M,K,0.19444444444444445,10,6.708728949729762,0.6814941866250072,YLMMK[K]RVRLE,True,H,H
299,300,R,,6.94415059494399,M,R,0.4444444444444444,10,6.94415059494399,0.6982322066166382,LMMKK[R]VRLEE,True,C,C
300,301,V,,4.472112676056338,.,V,0.3611111111111111,7,4.472112676056338,0.565763784134287,MMKKR[V]RLEEA,False,C,C
301,302,R,,2.3434939847959253,.,S,0.3333333333333333,5,2.3434939847959253,0.3766375600224799,MKKRV[R]LEEAF,False,C,C
302,303,L,,2.919730767091284,.,L,0.6388888888888888,5,2.919730767091284,0.441961873251831,KKRVR[L]EEAFE,False,H,H
303,304,E,,6.211267605633801,M,D,0.3333333333333333,8,6.211267605633801,0.6501045733954056,KRVRL[E]EAFEF,True,H,H
304,305,E,,2.931044032124065,.,D,0.4722222222222222,6,2.931044032124065,0.44654292510881016,RVRLE[E]AFEFV,False,H,H
305,306,A,,1.5283018867924527,.,A,0.9444444444444444,2,1.5283018867924527,0.1768202732046001,VRLEE[A]FEFVK,False,H,H
306,307,F,,2.5336937632747634,.,F,0.4722222222222222,4,2.5336937632747634,0.36559481155484225,RLEEA[F]EFVKQ,False,H,H
307,308,E,,5.455762687415678,.,D,0.3611111111111111,6,5.455762687415678,0.5812961466495196,LEEAF[E]FVKQR,False,H,H
308,309,F,,3.904521171214254,.,F,0.6111111111111112,7,3.904521171214254,0.5381353044841783,EEAFE[F]VKQRR,False,H,H
309,310,V,,1.4621477251795907,.,V,0.8888888888888888,4,1.4621477251795907,0.21204759675213877,EAFEF[V]KQRRS,False,H,H
310,311,K,,1.9664318897047803,.,K,0.8611111111111112,4,1.9664318897047803,0.2831289754971343,AFEFV[K]QRRSI,False,H,H
311,312,Q,,5.991780821917809,.,Q,0.4166666666666667,9,5.991780821917809,0.6606780828363549,FEFVK[Q]RRSII,False,H,H
312,313,R,,3.4209737339503357,.,R,0.5277777777777778,5,3.4209737339503357,0.46042135118189936,EFVKQ[R]RSIIS,False,H,H
313,314,R,,1.975609756097561,.,R,0.6944444444444444,3,1.975609756097561,0.28329819898077135,FVKQR[R]SIISP,False,C,C
314,315,S,,3.6201066363385563,.,S,0.6111111111111112,5,3.6201066363385563,0.45763794762446547,VKQRR[S]IISPN,False,T,C
315,316,I,,5.184459795880108,.,I,0.3888888888888889,10,5.184459795880108,0.6189006257904356,KQRRS[I]ISPNF,False,T,C
316,317,I,,1.326444388515033,.,I,0.8888888888888888,3,1.326444388515033,0.15820913253338045,QRRSI[I]SPNFS,False,C,C
317,318,S,,3.5999999999999996,.,S,0.8333333333333334,6,3.5999999999999996,0.50207336952441,RRSII[S]PNFSF,False,C,C
318,319,P,,1.0,.,P,1.0,1,1.0,0.0,RSIIS[P]NFSFM,False,C,C
319,320,N,,1.0,.,N,1.0,1,1.0,0.0,SIISP[N]FSFMG,False,C,C
320,321,F,,2.745762711864406,.,F,0.8055555555555556,5,2.745762711864406,0.4252793461179451,IISPN[F]SFMGQ,False,H,H
321,322,S,,2.9477906859463974,.,N,0.4166666666666667,4,2.9477906859463974,0.4019326710367836,ISPNF[S]FMGQL,False,H,H
322,323,F,,1.2461538461538462,.,F,0.9722222222222222,2,1.2461538461538462,0.1164430142581448,SPNFS[F]MGQLL,False,H,H
323,324,M,,3.256281407035176,.,M,0.7777777777777778,5,3.256281407035176,0.4564628828524017,PNFSF[M]GQLLQ,False,H,H
324,325,G,,2.9309805673442026,.,G,0.8333333333333334,6,2.9309805673442026,0.46705721320639415,NFSFM[G]QLLQF,False,H,H
325,326,Q,,1.0,.,Q,1.0,1,1.0,0.0,FSFMG[Q]LLQFE,False,H,H
326,327,L,,1.0,.,L,1.0,1,1.0,0.0,SFMGQ[L]LQFES,False,H,H
327,328,L,,2.3478260869565215,.,L,0.8888888888888888,4,2.3478260869565215,0.36313544040944645,FMGQL[L]QFESQ,False,H,H
328,329,Q,,3.0331118173938165,.,Q,0.3888888888888889,5,3.0331118173938165,0.42127573001665725,MGQLL[Q]FESQV,False,H,H
329,330,F,,3.0899182561307903,.,F,0.6666666666666666,4,3.0899182561307903,0.41106983908426176,GQLLQ[F]ESQVL,False,H,H
330,331,E,,1.2461538461538462,.,E,0.9722222222222222,2,1.2461538461538462,0.1164430142581448,QLLQF[E]SQVLA,False,H,H
331,332,S,,5.138962541435801,.,S,0.3611111111111111,8,5.138962541435801,0.5991093053121392,LLQFE[S]QVLAT,False,H,H
332,333,Q,,6.825723134738333,M,Q,0.3611111111111111,9,6.825723134738333,0.6721184217186319,LQFES[Q]VLATS,True,H,H
333,334,V,,1.6792003807710614,.,L,0.5555555555555556,3,1.6792003807710614,0.24316834341752402,QFESQ[V]LATSC,False,H,H
334,335,L,,6.876457487226515,M,L,0.4166666666666667,9,6.876457487226515,0.6815649622640626,FESQV[L]ATSCA,True,H,H
335,336,A,,3.8728292082592644,.,L,0.37142857142857144,8,3.8728292082592644,0.5359401372324982,ESQVL[A]TSCAA,False,H,H
336,337,T,,6.4224957448322275,M,T,0.2857142857142857,9,6.4224957448322275,0.6558917004073982,SQVLA[T]SCAAE,True,G,H
337,338,S,,2.2290083173957638,.,S,0.6785714285714286,7,2.2290083173957638,0.397685624981225,QVLAT[S]CAAEA,False,G,H
338,339,C,,6.765139633418386,M,C,0.4444444444444444,9,6.765139633418386,0.6697186653322162,VLATS[C]AAEAA,True,G,H
339,340,A,,6.102200827711453,M,P,0.2692307692307692,8,6.102200827711453,0.6314119171958561,LATSC[A]AEAAS,True,T,C
340,341,A,,4.980318196285968,.,A,0.34615384615384615,8,4.980318196285968,0.6044781711560224,ATSCA[A]EAASP,False,T,C
341,342,E,,3.8605512695402404,.,E,0.5,5,3.8605512695402404,0.48275498893200663,TSCAA[E]AASPS,False,G,H
342,343,A,,6.404144191473375,M,A,0.5,8,6.404144191473375,0.6429259755559688,SCAAE[A]ASPSG,True,G,H
343,344,A,,6.234586770224383,M,A,0.2692307692307692,9,6.234586770224383,0.6575825860561365,CAAEA[A]SPSGP,True,G,H
344,345,S,,7.05823105252173,M,S,0.46153846153846156,10,7.05823105252173,0.6943964479194462,AAEAA[S]PSGPL,True,C,C
345,346,P,,2.6559720304523515,.,P,0.6538461538461539,3,2.6559720304523515,0.34591813308876834,AEAAS[P]SGPLR,False,C,C
346,347,S,,5.180961417762557,.,S,0.38461538461538464,8,5.180961417762557,0.6059808430443597,EAASP[S]GPLRE,False,C,C
347,348,G,,5.023850485204266,.,G,0.23076923076923078,12,5.023850485204266,0.6545740083550202,AASPS[G]PLRER,False,C,C
348,349,P,,4.734612032173711,.,Q,0.34615384615384615,9,4.734612032173711,0.5929193541827167,ASPSG[P]LRERG,False,C,C
349,350,L,,6.1246604233243165,M,L,0.5,9,6.1246604233243165,0.6494289897923501,SPSGP[L]RERGK,True,C,C
350,351,R,,5.936745060508418,.,Y,0.2692307692307692,8,5.936745060508418,0.6370704755778671,PSGPL[R]ERGKT,False,C,C
351,352,E,,4.173724714247608,.,F,0.2692307692307692,8,4.173724714247608,0.570912512771458,SGPLR[E]RGKTP,False,C,C
352,353,R,,2.9483137464458467,.,R,0.5882352941176471,6,2.9483137464458467,0.44837663161915003,GPLRE[R]GKTPA,False,C,C
353,354,G,,5.333371806987297,.,G,0.6470588235294118,6,5.333371806987297,0.5725988629672403,PLRER[G]KTPAT,False,C,C
354,355,K,,3.568505775374784,.,K,0.3125,5,3.568505775374784,0.47522626453317585,LRERG[K]TPATP,False,C,C
355,356,T,,2.741243098920498,.,S,0.3888888888888889,6,2.741243098920498,0.4086453282794164,RERGK[T]PATPT,False,C,C
356,357,P,,3.5966306763823654,.,T,0.6111111111111112,6,3.5966306763823654,0.4991114509367443,ERGKT[P]ATPTS,False,C,C
357,358,A,,2.590817047327526,.,T,0.44,6,2.590817047327526,0.43642318635675126,RGKTP[A]TPTSQ,False,C,C
358,359,T,,4.045776796511822,.,T,0.631578947368421,6,4.045776796511822,0.5135659272137755,GKTPA[T]PTSQF,False,C,C
359,360,P,,2.8252602987777276,.,P,0.85,3,2.8252602987777276,0.3561008228469494,KTPAT[P]TSQFV,False,C,C
360,361,T,,4.7902037108105375,.,T,0.45,6,4.7902037108105375,0.55452084757369,TPATP[T]SQFVF,False,C,C
361,362,S,,4.818735473704944,.,N,0.4,7,4.818735473704944,0.5707898187912347,PATPT[S]QFVFS,False,C,C
362,363,Q,,4.631379962192817,.,Q,0.6111111111111112,6,4.631379962192817,0.5401244842185899,ATPTS[Q]FVFSF,False,C,C
363,364,F,,4.318747642399095,.,N,0.30434782608695654,6,4.318747642399095,0.5354165100188584,TPTSQ[F]VFSFP,False,C,C
364,365,V,,4.065176326890029,.,V,0.6086956521739131,5,4.065176326890029,0.49371645319056334,PTSQF[V]FSFPV,False,C,C
365,366,F,,4.578647641290613,.,F,0.6086956521739131,5,4.578647641290613,0.5210807144107075,TSQFV[F]SFPVS,False,C,C
366,367,S,,3.750671576271409,.,S,0.2608695652173913,6,3.750671576271409,0.48856619588996997,SQFVF[S]FPVSV,False,C,C
367,368,F,,2.892686253823118,.,F,0.5454545454545454,4,2.892686253823118,0.4052198796108872,QFVFS[F]PVSVG,False,C,C
368,369,P,,3.526077863368883,.,P,0.5454545454545454,4,3.526077863368883,0.43862970739505597,FVFSF[P]VSVGV,False,C,C
369,370,V,,2.6840826245443496,.,V,0.7333333333333333,5,2.6840826245443496,0.38434443055235135,VFSFP[V]SVGVH,False,C,C
370,371,S,,2.3984799131378938,.,S,0.8666666666666667,3,2.3984799131378938,0.32442075864698633,FSFPV[S]VGVHS,False,C,C
371,372,V,,3.776068376068375,.,V,0.4666666666666667,4,3.776068376068375,0.45187034598944964,SFPVS[V]GVHSA,False,C,C
372,373,G,,3.478740157480314,.,P,0.4,5,3.478740157480314,0.4617273320167855,FPVSV[G]VHSAP,False,C,C
373,374,V,,4.053211009174311,.,V,0.6666666666666666,5,4.053211009174311,0.490270608057903,PVSVG[V]HSAPS,False,C,C
374,375,H,,1.6621519939804363,.,H,0.6666666666666666,3,1.6621519939804363,0.22803794613569867,VSVGV[H]SAPSS,False,C,C
375,376,S,,3.9376114081996416,.,S,0.4,5,3.9376114081996416,0.4858218838552428,SVGVH[S]APSSL,False,C,C
376,377,A,,2.4848143982002244,.,T,0.4,5,2.4848143982002244,0.40022759034811606,VGVHS[A]PSSLP,False,C,C
377,378,P,,3.2533136966126652,.,P,0.3333333333333333,6,3.2533136966126652,0.46846464137081956,GVHSA[P]SSLPY,False,C,C
378,379,S,,3.78902229845626,.,S,0.6,4,3.78902229845626,0.4534062759790695,VHSAP[S]SLPYL,False,C,C
379,380,S,,1.8672865595942512,.,S,0.4666666666666667,4,1.8672865595942512,0.2920114035030086,HSAPS[S]LPYLH,False,C,C
380,381,L,,4.053211009174311,.,L,0.6666666666666666,5,4.053211009174311,0.490270608057903,SAPSS[L]PYLHS,False,C,C
381,382,P,,3.3725190839694648,.,P,0.4,5,3.3725190839694648,0.4456381767887628,APSSL[P]YLHSP,False,C,C
382,383,Y,,2.35752401280683,.,Y,0.6666666666666666,4,2.35752401280683,0.3524282683031528,PSSLP[Y]LHSPI,False,C,C
383,384,L,,2.82842509603073,.,L,0.8,3,2.82842509603073,0.3569353112246166,SSLPY[L]HSPIT,False,C,C
384,385,H,,3.33182503770739,.,H,0.4666666666666667,6,3.33182503770739,0.4611449546892581,SLPYL[H]SPITT,False,C,C
385,386,S,,2.58968347010551,.,S,0.7333333333333333,3,2.58968347010551,0.3406393478893531,LPYLH[S]PITTS,False,C,C
386,387,P,,1.5020689655172412,.,P,0.9285714285714286,2,1.5020689655172412,0.17249658634828768,PYLHS[P]ITTSP,False,C,C
387,388,I,,1.7313195548489666,.,I,0.7857142857142857,3,1.7313195548489666,0.24381950008261002,YLHSP[I]TTSPS,False,C,C
388,389,T,,3.1203438395415466,.,T,0.7142857142857143,4,3.1203438395415466,0.4087069779335326,LHSPI[T]TSPSC,False,C,C
389,390,T,,2.7994858611825193,.,T,0.8571428571428571,3,2.7994858611825193,0.3540156955936142,HSPIT[T]SPSC,False,C,C
390,391,S,,1.1284974093264248,.,S,0.8571428571428571,2,1.1284974093264248,0.076319194342298,SPITT[S]PSC,False,C,C
391,392,P,,1.6575342465753424,.,P,0.7857142857142857,2,1.6575342465753424,0.19559578920862816,PITTS[P]SC,False,C,C
392,393,S,,1.9551166965888689,.,S,0.9285714285714286,2,1.9551166965888689,0.22753182573826514,ITTSP[S]C,False,C,C
393,394,C,,1.0,.,C,1.0,1,1.0,0.0,TTSPS[C],False,C,C
