,position,residue,conservation_score(neff),ss_8,ss_3,neff,entropy,conservation_level
0,1,M,1.0,C,C,1.0,0.0,High
1,2,V,1.0,C,C,1.0,0.0,High
2,3,T,1.4705882352941173,C,C,1.4705882352941173,0.1670384326248669,High
3,4,M,1.4705882352941173,G,H,1.4705882352941173,0.1670384326248669,High
4,5,E,1.0,G,H,1.0,0.0,High
5,6,E,1.4705882352941173,G,H,1.4705882352941173,0.1670384326248669,High
6,7,L,1.0,C,C,1.0,0.0,High
7,8,R,1.0,E,E,1.0,0.0,High
8,9,E,1.0,E,E,1.0,0.0,High
9,10,M,1.0,E,E,1.0,0.0,High
10,11,D,1.4705882352941173,C,C,1.4705882352941173,0.1670384326248669,High
11,12,C,1.4705882352941173,H,H,1.4705882352941173,0.1670384326248669,High
12,13,S,1.0,H,H,1.0,0.0,High
13,14,V,1.4705882352941173,H,H,1.4705882352941173,0.1670384326248669,High
14,15,L,1.0,H,H,1.0,0.0,High
15,16,K,1.4705882352941173,H,H,1.4705882352941173,0.1670384326248669,High
16,17,R,1.0,H,H,1.0,0.0,High
17,18,L,1.0,H,H,1.0,0.0,High
18,19,M,1.4705882352941173,H,H,1.4705882352941173,0.1670384326248669,High
19,20,N,1.4705882352941173,H,H,1.4705882352941173,0.1670384326248669,High
20,21,R,1.0,H,H,1.0,0.0,High
21,22,D,1.4705882352941173,H,H,1.4705882352941173,0.1670384326248669,High
22,23,E,1.0,H,H,1.0,0.0,High
23,24,N,1.675603217158177,H,H,1.675603217158177,0.1979326799934706,High
24,25,G,1.675603217158177,C,C,1.675603217158177,0.1979326799934706,High
25,26,G,1.675603217158177,S,C,1.675603217158177,0.1979326799934706,High
26,27,G,3.565243535778712,S,C,3.565243535778712,0.4403118413151259,Uncertain
27,28,A,3.868068833652008,C,C,3.868068833652008,0.4880286398609989,Uncertain
28,29,G,3.6257983041674176,C,C,3.6257983041674176,0.4716494016143541,Uncertain
29,30,G,4.417208426910102,C,C,4.417208426910102,0.5564996052179412,Uncertain
30,31,S,4.6861549740038,C,C,4.6861549740038,0.5770519355573688,Uncertain
31,32,G,5.707644618245983,C,C,5.707644618245983,0.6257771832428348,Low
32,33,S,4.764889985324363,C,C,4.764889985324363,0.6127616467006486,Uncertain
33,34,H,5.112812409365031,C,C,5.112812409365031,0.593394005202031,Low
34,35,G,6.812745287481927,C,C,6.812745287481927,0.691140860034011,Low
35,36,T,5.575519952885236,S,C,5.575519952885236,0.6174155795907745,Low
36,37,L,3.9408363846598577,C,C,3.9408363846598577,0.4954694582906744,Uncertain
37,38,G,3.683057825935039,C,C,3.683057825935039,0.4946273493967915,Uncertain
38,39,L,6.689031005196502,P,H,6.689031005196502,0.6764981171057702,Low
39,40,P,5.94455221047486,P,H,5.94455221047486,0.6481280732710268,Low
40,41,S,5.615764418045955,T,C,5.615764418045955,0.6195632488673039,Low
41,42,G,5.5208867637470105,T,C,5.5208867637470105,0.6179278729098545,Low
42,43,G,7.171136581785331,P,H,7.171136581785331,0.6898665859744818,Low
43,44,K,6.37750439367311,E,E,6.37750439367311,0.6623314327881641,Low
44,45,C,4.137203166226913,E,E,4.137203166226913,0.4993945689486306,Uncertain
45,46,L,3.2486926469919517,E,E,3.2486926469919517,0.4287743773387448,Uncertain
46,47,L,2.6323447118074985,E,E,2.6323447118074985,0.34321276547952,Medium
47,48,L,2.2550024166263896,E,E,2.2550024166263896,0.332025315275909,Medium
48,49,D,1.0,E,E,1.0,0.0,High
49,50,C,1.8343949044585983,C,C,1.8343949044585983,0.2679874931165122,Uncertain
50,51,R,1.0,S,C,1.0,0.0,High
51,52,P,2.239749822183295,C,C,2.239749822183295,0.2929491161987076,Medium
52,53,F,3.4230271668822776,H,H,3.4230271668822776,0.5142839326681947,Uncertain
53,54,L,7.245960457170387,H,H,7.245960457170387,0.685056801509764,Low
54,55,A,2.9181737416647096,H,H,2.9181737416647096,0.4217957478261159,Uncertain
55,56,H,2.3188490469583,H,H,2.3188490469583,0.3548250002159053,Medium
56,57,S,4.4403561384154,H,H,4.4403561384154,0.5536755987531748,Uncertain
57,58,A,4.094640049003629,H,H,4.094640049003629,0.5094123953933185,Uncertain
58,59,G,2.375397173393071,E,E,2.375397173393071,0.3988811327134553,Medium
59,60,Y,1.819517754700522,E,E,1.819517754700522,0.3091184342743425,Uncertain
60,61,I,2.584142098516755,E,E,2.584142098516755,0.3383911678142835,Medium
61,62,L,5.094108052461998,T,C,5.094108052461998,0.5906917557359888,Low
62,63,G,4.4231910752359465,T,C,4.4231910752359465,0.5491074028486019,Uncertain
63,64,S,2.3437967115097167,C,C,2.3437967115097167,0.3219771883721776,Medium
64,65,V,4.299477550467722,E,E,4.299477550467722,0.5382163192219156,Uncertain
65,66,N,3.3346713965646,E,E,3.3346713965646,0.4527303715491643,Uncertain
66,67,V,3.065843080562492,C,C,3.065843080562492,0.3999492120269358,Medium
67,68,R,5.052408251305013,C,C,5.052408251305013,0.5783362991835134,Low
68,69,C,4.276923652554582,C,C,4.276923652554582,0.525865899825668,Uncertain
69,70,N,4.360939431396787,C,C,4.360939431396787,0.5137225463550168,Uncertain
70,71,T,6.258607095926412,H,H,6.258607095926412,0.6259263499731809,Low
71,72,I,2.106732627019682,H,H,2.106732627019682,0.2673828009739901,Medium
72,73,V,4.206259314456036,H,H,4.206259314456036,0.5227492178400454,Uncertain
73,74,R,3.102220268190811,H,H,3.102220268190811,0.4399942831282764,Uncertain
74,75,R,1.3846153846153844,H,H,1.3846153846153844,0.1504010264347757,High
75,76,R,1.7999999999999998,H,H,1.7999999999999998,0.2124736492355785,Uncertain
76,77,A,3.182971756037659,T,C,3.182971756037659,0.4141799066031476,Uncertain
77,78,K,4.78655327060538,T,C,4.78655327060538,0.5636709776192238,Uncertain
78,79,G,1.6744186046511629,T,C,1.6744186046511629,0.2408304951218494,Uncertain
79,80,S,4.308455423675789,C,C,4.308455423675789,0.5099784799714061,Uncertain
80,81,V,4.3385775068604415,C,C,4.3385775068604415,0.5511103625234325,Uncertain
81,82,S,6.153090885601706,C,C,6.153090885601706,0.6460868597586676,Low
82,83,L,3.959541096270023,H,H,3.959541096270023,0.4798423640439843,Uncertain
83,84,E,4.139480479034111,H,H,4.139480479034111,0.5181869023237878,Uncertain
84,85,Q,6.228087285803798,H,H,6.228087285803798,0.6430129846254806,Low
85,86,I,3.296815874480849,H,H,3.296815874480849,0.4313653527369386,Uncertain
86,87,L,4.178398710370769,S,C,4.178398710370769,0.5281933911869092,Uncertain
87,88,P,4.012848732504136,T,C,4.012848732504136,0.5246226023515644,Uncertain
88,89,A,4.583306268268919,T,C,4.583306268268919,0.5990818791562439,Uncertain
89,90,E,4.774180637118206,C,C,4.774180637118206,0.5795001448499242,Uncertain
90,91,E,4.693353754557027,H,H,4.693353754557027,0.5670945270300628,Uncertain
91,92,E,3.3035960700495823,H,H,3.3035960700495823,0.4451609223719752,Uncertain
92,93,V,5.91295382417854,H,H,5.91295382417854,0.6487428385519394,Low
93,94,R,4.959561920808763,H,H,4.959561920808763,0.5595526852436569,Uncertain
94,95,A,5.573867376643895,H,H,5.573867376643895,0.6660686630050973,Low
95,96,R,3.935860058309038,H,H,3.935860058309038,0.5125009368466639,Uncertain
96,97,L,5.980066445182724,H,H,5.980066445182724,0.6317794911454794,Low
97,98,R,5.895253665605965,H,H,5.895253665605965,0.6610430023296198,Low
98,99,S,5.242992583215226,T,C,5.242992583215226,0.6202099408802633,Low
99,100,G,5.307849829351537,T,C,5.307849829351537,0.6061109507889239,Low
100,101,L,7.161860632507087,C,C,7.161860632507087,0.7150275400343409,Low
101,102,Y,5.083280502564695,E,E,5.083280502564695,0.5853613037292948,Low
102,103,S,7.589665956217757,E,E,7.589665956217757,0.7147850451495834,Low
103,104,A,3.345808343797474,E,E,3.345808343797474,0.5334419694858108,Uncertain
104,105,V,1.9927477615687152,E,E,1.9927477615687152,0.2747804792556681,Uncertain
105,106,I,2.8005968350104,E,E,2.8005968350104,0.3549019253609413,Medium
106,107,V,2.092216456634544,E,E,2.092216456634544,0.2735875691510543,Uncertain
107,108,Y,2.96782334384858,E,E,2.96782334384858,0.4372101131204826,Uncertain
108,109,D,1.5933337886756365,C,C,1.5933337886756365,0.2349457851525332,Uncertain
109,110,E,3.1127631589696665,S,C,3.1127631589696665,0.4213186673582542,Uncertain
110,111,R,4.279838102762064,S,C,4.279838102762064,0.5458371553597553,Uncertain
111,112,S,3.919022466051552,C,C,3.919022466051552,0.5112025297070988,Uncertain
112,113,P,6.464520332265596,C,C,6.464520332265596,0.6666099583853681,Low
113,114,R,6.950882067926819,S,C,6.950882067926819,0.6845308978036361,Low
114,115,A,6.544105523495467,G,H,6.544105523495467,0.688121178057293,Low
115,116,E,3.700760644569088,G,H,3.700760644569088,0.510795224317556,Uncertain
116,117,S,6.940887522685497,G,H,6.940887522685497,0.7217257959311631,Low
117,118,L,3.522051646108794,C,C,3.522051646108794,0.5271973135324922,Uncertain
118,119,R,8.10393252054285,C,C,8.10393252054285,0.7325721178979254,Low
119,120,E,6.220028208744711,T,C,6.220028208744711,0.6735056551956856,Low
120,121,D,3.843885788566375,T,C,3.843885788566375,0.4841075564650333,Uncertain
121,122,S,4.551083591331269,S,C,4.551083591331269,0.5522593293493925,Uncertain
122,123,T,6.515505813083907,H,H,6.515505813083907,0.6576348764542994,Low
123,124,V,3.70283219342092,H,H,3.70283219342092,0.5212094691776656,Uncertain
124,125,S,7.989094698985959,H,H,7.989094698985959,0.7199836183943796,Low
125,126,L,3.3904917024499706,H,H,3.3904917024499706,0.4388114133072831,Uncertain
126,127,V,3.9558665231431647,H,H,3.9558665231431647,0.4872447926404099,Uncertain
127,128,V,2.4979196240638304,H,H,2.4979196240638304,0.4289342850974623,Uncertain
128,129,Q,6.297134637149234,H,H,6.297134637149234,0.6549641024364807,Low
129,130,A,4.511446274624708,H,H,4.511446274624708,0.5189248508062142,Uncertain
130,131,L,2.419354838709677,H,H,2.419354838709677,0.371347130148161,Medium
131,132,R,4.7227760472581695,H,H,4.7227760472581695,0.5645921732054873,Uncertain
132,133,R,7.013771897788723,H,H,7.013771897788723,0.6909046217981853,Low
133,134,N,6.276333683570594,H,H,6.276333683570594,0.6619753677638139,Low
134,135,A,6.643567339560108,C,C,6.643567339560108,0.697519062909906,Low
135,136,E,4.434444722988218,T,C,4.434444722988218,0.5515070770507995,Uncertain
136,137,R,4.3904194589228105,T,C,4.3904194589228105,0.5571887101479289,Uncertain
137,138,T,7.542154225557306,S,C,7.542154225557306,0.7244728878392482,Low
138,139,D,5.9583063671361565,E,E,5.9583063671361565,0.6481823544413419,Low
139,140,I,2.338637238547414,E,E,2.338637238547414,0.3635629285526994,Medium
140,141,C,7.478989485320906,E,E,7.478989485320906,0.7253685733344519,Low
141,142,L,4.9982229659956845,E,E,4.9982229659956845,0.5813735294554075,Uncertain
142,143,L,1.5100671140939594,E,E,1.5100671140939594,0.2095331624719826,Uncertain
143,144,K,3.8479602718919335,T,C,3.8479602718919335,0.5276727133681166,Uncertain
144,145,G,1.5650493774151997,T,C,1.5650493774151997,0.2341591434119393,Uncertain
145,146,G,1.5100671140939594,H,H,1.5100671140939594,0.2095331624719826,Uncertain
146,147,Y,2.371477737147773,H,H,2.371477737147773,0.3205467639095228,Medium
147,148,E,6.160981314052923,H,H,6.160981314052923,0.6448495977239564,Low
148,149,R,6.05763067123859,H,H,6.05763067123859,0.6379554470500262,Low
149,150,F,1.5100671140939594,H,H,1.5100671140939594,0.2095331624719826,Uncertain
150,151,S,3.880970954374879,H,H,3.880970954374879,0.498398163781942,Uncertain
151,152,S,6.470187615697555,H,H,6.470187615697555,0.6527476061809048,Low
152,153,E,7.376196120378132,H,H,7.376196120378132,0.6830483800126226,Low
153,154,Y,4.065811489124373,C,C,4.065811489124373,0.5313931692626197,Uncertain
154,155,P,4.624460796752094,G,H,4.624460796752094,0.5722437235470311,Uncertain
155,156,E,4.933090276339231,G,H,4.933090276339231,0.605230887762614,Uncertain
156,157,F,3.018557014652944,G,H,3.018557014652944,0.4765173428373792,Uncertain
157,158,C,2.064220183486239,E,E,2.064220183486239,0.3298539836198033,Uncertain
158,159,S,5.0550206327372775,E,E,5.0550206327372775,0.5892900212196162,Low
159,160,K,6.223712866974476,E,E,6.223712866974476,0.6556437103690178,Low
160,161,T,4.81343736103812,C,C,4.81343736103812,0.5877260847740479,Uncertain
161,162,K,7.785100623749559,G,H,7.785100623749559,0.7226698996138212,Low
162,163,A,5.973631136931458,G,H,5.973631136931458,0.6549029496259525,Low
163,164,L,6.990137372314196,G,H,6.990137372314196,0.7051674835471304,Low
164,165,A,4.860279995033994,S,C,4.860279995033994,0.6195946667091399,Uncertain
165,166,A,3.207101753834672,C,C,3.207101753834672,0.4867888261282637,Uncertain
166,167,I,5.004623903059962,C,C,5.004623903059962,0.5788720272988046,Low
167,168,P,2.994504276993052,P,H,2.994504276993052,0.4355605871721017,Uncertain
168,169,P,5.7233925223337385,P,H,5.7233925223337385,0.6097310277746217,Low
169,170,P,5.476746640399634,P,H,5.476746640399634,0.6326475773792237,Low
170,171,V,5.268479879927684,P,H,5.268479879927684,0.5754848062412725,Low
171,172,P,4.009070661259286,P,H,4.009070661259286,0.5216166399234208,Uncertain
172,173,P,5.609847075107574,C,C,5.609847075107574,0.6454955727364052,Low
173,174,S,5.060286284778016,C,C,5.060286284778016,0.6051197358694355,Low
174,175,A,6.106658528676879,S,C,6.106658528676879,0.6659809845903277,Low
175,176,T,4.471273000375517,C,C,4.471273000375517,0.5907380012507718,Uncertain
176,177,E,6.038844899860271,C,C,6.038844899860271,0.6396828019153259,Low
177,178,P,3.003775644733955,C,C,3.003775644733955,0.4640227616246357,Uncertain
178,179,L,5.356811516928819,C,C,5.356811516928819,0.5899441914807161,Low
179,180,D,5.507900704872817,C,C,5.507900704872817,0.6029102537640381,Low
180,181,L,2.8475780436330305,C,C,2.8475780436330305,0.4316812269982942,Uncertain
181,182,G,4.426193275659349,C,C,4.426193275659349,0.5157804154587065,Uncertain
182,183,C,4.6156389643042015,C,C,4.6156389643042015,0.5472457879058795,Uncertain
183,184,S,4.618818481342427,T,C,4.618818481342427,0.5503169254385162,Uncertain
184,185,S,5.168217988907643,T,C,5.168217988907643,0.6000328880310702,Low
185,186,C,3.608390815887096,T,C,3.608390815887096,0.5066666871887361,Uncertain
186,187,G,4.3592655110341525,C,C,4.3592655110341525,0.5819480311864269,Uncertain
187,188,T,6.630352286291501,C,C,6.630352286291501,0.6800114690535083,Low
188,189,P,3.2274920722459672,C,C,3.2274920722459672,0.4382161446931489,Uncertain
189,190,L,6.969313635245118,S,C,6.969313635245118,0.6881786305179494,Low
190,191,H,8.908468178799847,C,C,8.908468178799847,0.7558523087299173,Low
191,192,D,6.7473968376398,C,C,6.7473968376398,0.6679355112366914,Low
192,193,Q,3.269631031220434,C,C,3.269631031220434,0.4900652534738097,Uncertain
193,194,G,8.564954682779456,S,C,8.564954682779456,0.7242241961885774,Low
194,195,G,5.752740026304252,S,C,5.752740026304252,0.6208240432692244,Low
195,196,P,1.9115044247787607,C,C,1.9115044247787607,0.2989349974394315,Uncertain
196,197,V,3.951219512195122,E,E,3.951219512195122,0.487684016565536,Uncertain
197,198,E,3.739793373708586,E,E,3.739793373708586,0.5191553119473353,Uncertain
198,199,I,1.2461538461538462,E,E,1.2461538461538462,0.1164430142581448,High
199,200,L,3.809827974159831,E,E,3.809827974159831,0.490266515514637,Uncertain
200,201,P,1.8976810901267032,T,C,1.8976810901267032,0.3205131306715953,Uncertain
201,202,F,3.400704493526276,T,C,3.400704493526276,0.5027223084674223,Uncertain
202,203,L,1.4965357967667436,E,E,1.4965357967667436,0.20876075945957,Uncertain
203,204,Y,1.7195143476051669,E,E,1.7195143476051669,0.203359808662796,Uncertain
204,205,L,1.5283018867924527,E,E,1.5283018867924527,0.1768202732046001,High
205,206,G,1.2461538461538462,E,E,1.2461538461538462,0.1164430142581448,High
206,207,S,3.728105689324526,C,C,3.728105689324526,0.4506291450379803,Uncertain
207,208,A,3.970985492746373,H,H,3.970985492746373,0.5409370828813486,Uncertain
208,209,Y,5.701194313753546,H,H,5.701194313753546,0.6502335824880215,Low
209,210,H,5.752740026304252,H,H,5.752740026304252,0.6411476333928194,Low
210,211,A,1.6356050069541033,H,H,1.6356050069541033,0.2346766272694549,Uncertain
211,212,A,8.12271659213219,T,C,8.12271659213219,0.7343629830657389,Low
212,213,R,2.76264204408133,X,X,2.76264204408133,0.4034165914121412,Uncertain
213,214,R,4.875912131995381,H,H,4.875912131995381,0.5704428723472618,Uncertain
214,215,D,4.4617244842906185,H,H,4.4617244842906185,0.592196886297169,Uncertain
215,216,M,5.880685676656401,H,H,5.880685676656401,0.6665242478228878,Low
216,217,L,1.8782608695652168,H,H,1.8782608695652168,0.2723155159953886,Uncertain
217,218,D,5.831642960635064,H,H,5.831642960635064,0.6514684036358568,Low
218,219,A,6.674829684803343,H,H,6.674829684803343,0.6602072437949971,Low
219,220,L,2.8910328826899665,T,C,2.8910328826899665,0.4225151549463907,Uncertain
220,221,G,4.587989118316015,T,C,4.587989118316015,0.5547669108615151,Uncertain
221,222,I,1.1327433628318584,C,C,1.1327433628318584,0.0780415729303808,High
222,223,T,3.719795497354023,C,C,3.719795497354023,0.4641712498326928,Uncertain
223,224,A,3.6610169491525424,E,E,3.6610169491525424,0.4462666265778195,Uncertain
224,225,L,4.131558993998433,E,E,4.131558993998433,0.5038570792030981,Uncertain
225,226,L,2.839817547625436,E,E,2.839817547625436,0.3566594364362226,Medium
226,227,N,1.255813953488372,E,E,1.255813953488372,0.1421517046092291,High
227,228,V,2.356363636363636,C,C,2.356363636363636,0.3650024958395664,Medium
228,229,S,3.6000000000000005,C,C,3.6000000000000005,0.4438518623953376,Uncertain
229,230,S,6.486618998978549,S,C,6.486618998978549,0.646578492803577,Low
230,231,D,6.302346552704317,S,C,6.302346552704317,0.6631650197510903,Low
231,232,C,3.02779559546718,C,C,3.02779559546718,0.4112377598924791,Uncertain
232,233,P,2.98757997741814,C,C,2.98757997741814,0.4847519031356831,Uncertain
233,234,N,5.005044136191678,C,C,5.005044136191678,0.5810941397119974,Low
234,235,H,7.167674132784871,T,C,7.167674132784871,0.6841307796506907,Low
235,236,F,2.424001832200931,T,C,2.424001832200931,0.362773223363831,Medium
236,237,E,3.255794994360396,B,E,3.255794994360396,0.4536072407346566,Uncertain
237,238,G,3.7202108963093137,T,C,3.7202108963093137,0.5343842590138667,Uncertain
238,239,H,5.004566920860146,T,C,5.004566920860146,0.563266181303128,Low
239,240,Y,4.44926676273629,B,E,4.44926676273629,0.5598956194780201,Uncertain
240,241,Q,3.147174604417698,E,E,3.147174604417698,0.4748453086753863,Uncertain
241,242,Y,2.076923076923077,E,E,2.076923076923077,0.33471557968294,Uncertain
242,243,K,3.9814913145717967,E,E,3.9814913145717967,0.493673217597937,Uncertain
243,244,C,3.616400911161732,E,E,3.616400911161732,0.5131682192408756,Uncertain
244,245,I,2.28169014084507,C,C,2.28169014084507,0.3471303345798742,Medium
245,246,P,2.745762711864406,C,C,2.745762711864406,0.4252793461179451,Uncertain
246,247,V,3.7674418604651168,C,C,3.7674418604651168,0.4522717416929396,Uncertain
247,248,E,5.576710582235444,C,C,5.576710582235444,0.6094671013842361,Low
248,249,D,1.0,S,C,1.0,0.0,High
249,250,N,3.9335976214073343,S,C,3.9335976214073343,0.5141082273920929,Uncertain
250,251,H,6.835882701595003,T,C,6.835882701595003,0.6980677701861103,Low
251,252,K,5.040800127004287,T,C,5.040800127004287,0.5796074835746747,Low
252,253,A,4.368739680792516,C,C,4.368739680792516,0.5543992129875844,Uncertain
253,254,D,2.9589007054665606,C,C,2.9589007054665606,0.4202798464302593,Uncertain
254,255,I,1.9938461538461536,C,C,1.9938461538461536,0.2308628117321757,Uncertain
255,256,S,3.938470773617469,G,H,3.938470773617469,0.509293317329289,Uncertain
256,257,S,4.154731904004963,G,H,4.154731904004963,0.5392728097800339,Uncertain
257,258,W,3.7542707750965967,G,H,3.7542707750965967,0.4516997133197209,Uncertain
258,259,F,1.8782608695652168,H,H,1.8782608695652168,0.2723155159953886,Uncertain
259,260,M,5.600987828541189,H,H,5.600987828541189,0.6422251412223956,Low
260,261,E,3.498966735550963,H,H,3.498966735550963,0.5354493229227197,Uncertain
261,262,A,3.223880597014925,H,H,3.223880597014925,0.4522529432036007,Uncertain
262,263,I,3.2562814070351758,H,H,3.2562814070351758,0.4849238059640392,Uncertain
263,264,E,6.407019064772395,H,H,6.407019064772395,0.662098437597308,Low
264,265,Y,1.3604113110539844,H,H,1.3604113110539844,0.1705729248493507,High
265,266,I,1.0570962479608483,H,H,1.0570962479608483,0.042370456953691,High
266,267,D,2.452710280373832,H,H,2.452710280373832,0.321998047649138,Medium
267,268,A,4.184501845018451,H,H,4.184501845018451,0.5499853579452488,Uncertain
268,269,V,3.0317960469779432,H,H,3.0317960469779432,0.4707873012033138,Uncertain
269,270,K,2.779408761056687,H,H,2.779408761056687,0.3674616858154547,Medium
270,271,D,7.09792546923253,H,H,7.09792546923253,0.7319811140292377,Low
271,272,C,7.658808079544744,T,C,7.658808079544744,0.6932974121646601,Low
272,273,R,3.483076775408834,T,C,3.483076775408834,0.5312707475544081,Uncertain
273,274,G,3.114090774250964,C,C,3.114090774250964,0.4195960850564841,Uncertain
274,275,R,4.216477284836721,C,C,4.216477284836721,0.543510896032959,Uncertain
275,276,V,2.9861751152073728,E,E,2.9861751152073728,0.4485976017703824,Uncertain
276,277,L,1.2146901300688602,E,E,1.2146901300688602,0.1265724836562738,High
277,278,V,2.4452830188679244,E,E,2.4452830188679244,0.321532631052892,Medium
278,279,H,1.5882352941176467,E,E,1.5882352941176467,0.2282376539067687,Uncertain
279,280,C,1.2461538461538462,C,C,1.2461538461538462,0.1164430142581448,High
280,281,Q,4.385635359116023,S,C,4.385635359116023,0.527462684700316,Uncertain
281,282,A,1.975609756097561,S,C,1.975609756097561,0.2832981989807713,Uncertain
282,283,G,1.0,S,C,1.0,0.0,High
283,284,I,1.4687575667588,S,C,1.4687575667588,0.1667114534465648,High
284,285,S,1.0,S,C,1.0,0.0,High
285,286,R,1.0,H,H,1.0,0.0,High
286,287,S,1.0,H,H,1.0,0.0,High
287,288,A,3.4804340677408754,H,H,3.4804340677408754,0.4932971723366883,Uncertain
288,289,T,1.2461538461538462,H,H,1.2461538461538462,0.1164430142581448,High
289,290,I,3.7028571428571433,H,H,3.7028571428571433,0.4836401007401291,Uncertain
290,291,C,5.225806451612904,H,H,5.225806451612904,0.5745136721403011,Low
291,292,L,2.3396161879325525,H,H,2.3396161879325525,0.3293994107839796,Medium
292,293,A,1.1803278688524592,H,H,1.1803278688524592,0.0957482033986543,High
293,294,Y,1.0,H,H,1.0,0.0,High
294,295,L,1.78021978021978,H,H,1.78021978021978,0.2596326575716325,Uncertain
295,296,M,1.0159989760655317,H,H,1.0159989760655317,0.0154513540324859,High
296,297,M,3.1440352359146195,H,H,3.1440352359146195,0.4506932304460558,Uncertain
297,298,K,5.812059758696355,H,H,5.812059758696355,0.6097215989074546,Low
298,299,K,6.708728949729762,H,H,6.708728949729762,0.6814941866250072,Low
299,300,R,6.94415059494399,C,C,6.94415059494399,0.6982322066166382,Low
300,301,V,4.472112676056338,C,C,4.472112676056338,0.565763784134287,Uncertain
301,302,R,2.3434939847959253,C,C,2.3434939847959253,0.3766375600224799,Medium
302,303,L,2.919730767091284,H,H,2.919730767091284,0.441961873251831,Uncertain
303,304,E,6.211267605633801,H,H,6.211267605633801,0.6501045733954056,Low
304,305,E,2.931044032124065,H,H,2.931044032124065,0.4465429251088101,Uncertain
305,306,A,1.5283018867924527,H,H,1.5283018867924527,0.1768202732046001,High
306,307,F,2.533693763274764,H,H,2.533693763274764,0.3655948115548422,Medium
307,308,E,5.455762687415678,H,H,5.455762687415678,0.5812961466495196,Low
308,309,F,3.904521171214254,H,H,3.904521171214254,0.5381353044841783,Uncertain
309,310,V,1.462147725179591,H,H,1.462147725179591,0.2120475967521387,Uncertain
310,311,K,1.9664318897047803,H,H,1.9664318897047803,0.2831289754971343,Uncertain
311,312,Q,5.991780821917809,H,H,5.991780821917809,0.6606780828363549,Low
312,313,R,3.420973733950336,H,H,3.420973733950336,0.4604213511818993,Uncertain
313,314,R,1.975609756097561,C,C,1.975609756097561,0.2832981989807713,Uncertain
314,315,S,3.620106636338556,T,C,3.620106636338556,0.4576379476244654,Uncertain
315,316,I,5.184459795880108,T,C,5.184459795880108,0.6189006257904356,Low
316,317,I,1.326444388515033,C,C,1.326444388515033,0.1582091325333804,High
317,318,S,3.6,C,C,3.6,0.50207336952441,Uncertain
318,319,P,1.0,C,C,1.0,0.0,High
319,320,N,1.0,C,C,1.0,0.0,High
320,321,F,2.745762711864406,H,H,2.745762711864406,0.4252793461179451,Uncertain
321,322,S,2.9477906859463974,H,H,2.9477906859463974,0.4019326710367836,Uncertain
322,323,F,1.2461538461538462,H,H,1.2461538461538462,0.1164430142581448,High
323,324,M,3.256281407035176,H,H,3.256281407035176,0.4564628828524017,Uncertain
324,325,G,2.930980567344202,H,H,2.930980567344202,0.4670572132063941,Uncertain
325,326,Q,1.0,H,H,1.0,0.0,High
326,327,L,1.0,H,H,1.0,0.0,High
327,328,L,2.347826086956521,H,H,2.347826086956521,0.3631354404094464,Medium
328,329,Q,3.0331118173938165,H,H,3.0331118173938165,0.4212757300166572,Uncertain
329,330,F,3.0899182561307903,H,H,3.0899182561307903,0.4110698390842617,Uncertain
330,331,E,1.2461538461538462,H,H,1.2461538461538462,0.1164430142581448,High
331,332,S,5.138962541435801,H,H,5.138962541435801,0.5991093053121392,Low
332,333,Q,6.825723134738333,H,H,6.825723134738333,0.6721184217186319,Low
333,334,V,1.6792003807710614,H,H,1.6792003807710614,0.243168343417524,Uncertain
334,335,L,6.876457487226515,H,H,6.876457487226515,0.6815649622640626,Low
335,336,A,3.872829208259264,H,H,3.872829208259264,0.5359401372324982,Uncertain
336,337,T,6.422495744832228,G,H,6.422495744832228,0.6558917004073982,Low
337,338,S,2.229008317395764,G,H,2.229008317395764,0.397685624981225,Medium
338,339,C,6.765139633418386,G,H,6.765139633418386,0.6697186653322162,Low
339,340,A,6.102200827711453,T,C,6.102200827711453,0.6314119171958561,Low
340,341,A,4.980318196285968,T,C,4.980318196285968,0.6044781711560224,Uncertain
341,342,E,3.86055126954024,G,H,3.86055126954024,0.4827549889320066,Uncertain
342,343,A,6.404144191473375,G,H,6.404144191473375,0.6429259755559688,Low
343,344,A,6.234586770224383,G,H,6.234586770224383,0.6575825860561365,Low
344,345,S,7.05823105252173,C,C,7.05823105252173,0.6943964479194462,Low
345,346,P,2.6559720304523515,C,C,2.6559720304523515,0.3459181330887683,Medium
346,347,S,5.180961417762557,C,C,5.180961417762557,0.6059808430443597,Low
347,348,G,5.023850485204266,C,C,5.023850485204266,0.6545740083550202,Low
348,349,P,4.734612032173711,C,C,4.734612032173711,0.5929193541827167,Uncertain
349,350,L,6.1246604233243165,C,C,6.1246604233243165,0.6494289897923501,Low
350,351,R,5.936745060508418,C,C,5.936745060508418,0.6370704755778671,Low
351,352,E,4.173724714247608,C,C,4.173724714247608,0.570912512771458,Uncertain
352,353,R,2.9483137464458467,C,C,2.9483137464458467,0.44837663161915,Uncertain
353,354,G,5.333371806987297,C,C,5.333371806987297,0.5725988629672403,Low
354,355,K,3.568505775374784,C,C,3.568505775374784,0.4752262645331758,Uncertain
355,356,T,2.741243098920498,C,C,2.741243098920498,0.4086453282794164,Uncertain
356,357,P,3.596630676382365,C,C,3.596630676382365,0.4991114509367443,Uncertain
357,358,A,2.590817047327526,C,C,2.590817047327526,0.4364231863567512,Uncertain
358,359,T,4.045776796511822,C,C,4.045776796511822,0.5135659272137755,Uncertain
359,360,P,2.825260298777728,C,C,2.825260298777728,0.3561008228469494,Medium
360,361,T,4.7902037108105375,C,C,4.7902037108105375,0.55452084757369,Uncertain
361,362,S,4.818735473704944,C,C,4.818735473704944,0.5707898187912347,Uncertain
362,363,Q,4.631379962192817,C,C,4.631379962192817,0.5401244842185899,Uncertain
363,364,F,4.318747642399095,C,C,4.318747642399095,0.5354165100188584,Uncertain
364,365,V,4.065176326890029,C,C,4.065176326890029,0.4937164531905633,Uncertain
365,366,F,4.578647641290613,C,C,4.578647641290613,0.5210807144107075,Uncertain
366,367,S,3.750671576271409,C,C,3.750671576271409,0.4885661958899699,Uncertain
367,368,F,2.892686253823118,C,C,2.892686253823118,0.4052198796108872,Uncertain
368,369,P,3.526077863368883,C,C,3.526077863368883,0.4386297073950559,Uncertain
369,370,V,2.6840826245443496,C,C,2.6840826245443496,0.3843444305523513,Medium
370,371,S,2.3984799131378938,C,C,2.3984799131378938,0.3244207586469863,Medium
371,372,V,3.776068376068375,C,C,3.776068376068375,0.4518703459894496,Uncertain
372,373,G,3.478740157480314,C,C,3.478740157480314,0.4617273320167855,Uncertain
373,374,V,4.053211009174311,C,C,4.053211009174311,0.490270608057903,Uncertain
374,375,H,1.6621519939804363,C,C,1.6621519939804363,0.2280379461356986,Uncertain
375,376,S,3.9376114081996416,C,C,3.9376114081996416,0.4858218838552428,Uncertain
376,377,A,2.4848143982002244,C,C,2.4848143982002244,0.400227590348116,Uncertain
377,378,P,3.253313696612665,C,C,3.253313696612665,0.4684646413708195,Uncertain
378,379,S,3.78902229845626,C,C,3.78902229845626,0.4534062759790695,Uncertain
379,380,S,1.8672865595942512,C,C,1.8672865595942512,0.2920114035030086,Uncertain
380,381,L,4.053211009174311,C,C,4.053211009174311,0.490270608057903,Uncertain
381,382,P,3.3725190839694648,C,C,3.3725190839694648,0.4456381767887628,Uncertain
382,383,Y,2.35752401280683,C,C,2.35752401280683,0.3524282683031528,Medium
383,384,L,2.82842509603073,C,C,2.82842509603073,0.3569353112246166,Medium
384,385,H,3.33182503770739,C,C,3.33182503770739,0.4611449546892581,Uncertain
385,386,S,2.58968347010551,C,C,2.58968347010551,0.3406393478893531,Medium
386,387,P,1.5020689655172412,C,C,1.5020689655172412,0.1724965863482876,High
387,388,I,1.7313195548489666,C,C,1.7313195548489666,0.24381950008261,Uncertain
388,389,T,3.1203438395415466,C,C,3.1203438395415466,0.4087069779335326,Uncertain
389,390,T,2.7994858611825197,C,C,2.7994858611825197,0.3540156955936142,Medium
390,391,S,1.1284974093264248,C,C,1.1284974093264248,0.076319194342298,High
391,392,P,1.6575342465753424,C,C,1.6575342465753424,0.1955957892086281,High
392,393,S,1.9551166965888689,C,C,1.9551166965888689,0.2275318257382651,Uncertain
393,394,C,1.0,C,C,1.0,0.0,High
